{
  "_shards": {
    "total": 12,
    "successful": 12,
    "failed": 0
  },
  "_all": {
    "primaries": {
      "indexing": {
        "index_total": 9532155,
        "index_time": "28.7m",
        "index_time_in_millis": 1725503,
        "index_current": 3,
        "index_failed": 0,
        "delete_total": 0,
        "delete_time": "0s",
        "delete_time_in_millis": 0,
        "delete_current": 0,
        "noop_update_total": 0,
        "is_throttled": false,
        "throttle_time": "0s",
        "throttle_time_in_millis": 0,
        "doc_status": {}
      }
    },
    "total": {
      "indexing": {
        "index_total": 19063264,
        "index_time": "50.2m",
        "index_time_in_millis": 3013513,
        "index_current": 3,
        "index_failed": 0,
        "delete_total": 0,
        "delete_time": "0s",
        "delete_time_in_millis": 0,
        "delete_current": 0,
        "noop_update_total": 0,
        "is_throttled": false,
        "throttle_time": "0s",
        "throttle_time_in_millis": 0,
        "doc_status": {}
      }
    }
  },
  "indices": {
    "stg_prosearch_listingdata_v1": {
      "uuid": "iw-2n2g6R1OI7hWbvwHerg",
      "primaries": {
        "indexing": {
          "index_total": 9532155,
          "index_time": "28.7m",
          "index_time_in_millis": 1725503,
          "index_current": 3,
          "index_failed": 0,
          "delete_total": 0,
          "delete_time": "0s",
          "delete_time_in_millis": 0,
          "delete_current": 0,
          "noop_update_total": 0,
          "is_throttled": false,
          "throttle_time": "0s",
          "throttle_time_in_millis": 0,
          "doc_status": {}
        }
      },
      "total": {
        "indexing": {
          "index_total": 19063264,
          "index_time": "50.2m",
          "index_time_in_millis": 3013513,
          "index_current": 3,
          "index_failed": 0,
          "delete_total": 0,
          "delete_time": "0s",
          "delete_time_in_millis": 0,
          "delete_current": 0,
          "noop_update_total": 0,
          "is_throttled": false,
          "throttle_time": "0s",
          "throttle_time_in_millis": 0,
          "doc_status": {}
        }
      }
    }
  }
}