{
  "_shards": {
    "total": 12,
    "successful": 12,
    "failed": 0
  },
  "_all": {
    "primaries": {
      "indexing": {
        "index_total": 7915419,
        "index_time": "22.4m",
        "index_time_in_millis": 1346384,
        "index_current": 0,
        "index_failed": 0,
        "delete_total": 0,
        "delete_time": "0s",
        "delete_time_in_millis": 0,
        "delete_current": 0,
        "noop_update_total": 0,
        "is_throttled": false,
        "throttle_time": "0s",
        "throttle_time_in_millis": 0,
        "doc_status": {}
      }
    },
    "total": {
      "indexing": {
        "index_total": 15829683,
        "index_time": "39.5m",
        "index_time_in_millis": 2371920,
        "index_current": 1,
        "index_failed": 0,
        "delete_total": 0,
        "delete_time": "0s",
        "delete_time_in_millis": 0,
        "delete_current": 0,
        "noop_update_total": 0,
        "is_throttled": false,
        "throttle_time": "0s",
        "throttle_time_in_millis": 0,
        "doc_status": {}
      }
    }
  },
  "indices": {
    "stg_prosearch_listingdata_v1": {
      "uuid": "iw-2n2g6R1OI7hWbvwHerg",
      "primaries": {
        "indexing": {
          "index_total": 7915419,
          "index_time": "22.4m",
          "index_time_in_millis": 1346384,
          "index_current": 0,
          "index_failed": 0,
          "delete_total": 0,
          "delete_time": "0s",
          "delete_time_in_millis": 0,
          "delete_current": 0,
          "noop_update_total": 0,
          "is_throttled": false,
          "throttle_time": "0s",
          "throttle_time_in_millis": 0,
          "doc_status": {}
        }
      },
      "total": {
        "indexing": {
          "index_total": 15829683,
          "index_time": "39.5m",
          "index_time_in_millis": 2371920,
          "index_current": 1,
          "index_failed": 0,
          "delete_total": 0,
          "delete_time": "0s",
          "delete_time_in_millis": 0,
          "delete_current": 0,
          "noop_update_total": 0,
          "is_throttled": false,
          "throttle_time": "0s",
          "throttle_time_in_millis": 0,
          "doc_status": {}
        }
      }
    }
  }
}