{
  "persistent": {
    "cluster": {
      "ignore_dot_indexes": "true",
      "routing": {
        "allocation": {
          "disk": {
            "watermark": {
              "low": "25.0gb",
              "flood_stage": "10.0gb",
              "high": "22.0gb"
            }
          },
          "node_initial_primaries_recoveries": "4",
          "awareness": {
            "force": {
              "zone": {
                "values": "xx-xxxxx-xx,xx-xxxxx-xx,xx-xxxxx-xx"
              }
            }
          },
          "load_awareness": {
            "provisioned_capacity": "3",
            "skew_factor": "50.0"
          },
          "balanced_shards_allocator": {
            "allocator_timeout": "-1"
          },
          "cluster_concurrent_rebalance": "2",
          "node_concurrent_recoveries": "2",
          "shards_batch_gateway_allocator": {
            "replica_allocator_timeout": "-1",
            "primary_allocator_timeout": "-1"
          },
          "hybrid_shards_allocator": {
            "allocator_timeout": "-1"
          },
          "total_shards_limit": "15000"
        }
      },
      "metadata": {
        "perf_analyzer": {
          "state": "0"
        }
      },
      "max_shards_per_node": "1000",
      "blocks": {
        "create_index": "false"
      }
    },
    "indices": {
      "recovery": {
        "max_bytes_per_sec": "60mb"
      }
    },
    "search": {
      "concurrent_segment_search": {
        "mode": "none"
      },
      "query": {}
    },
    "plugins": {
      "index_state_management": {
        "template_migration": {
          "control": "-1"
        }
      },
      "query": {
        "executionengine": {}
      }
    },
    "search_backpressure": {
      "node_duress": {
        "heap_threshold": "0.85"
      }
    },
    "cluster_manager": {
      "throttling": {
        "thresholds": {
          "remove-index-template-v2": {
            "value": "50"
          },
          "delete-pipeline": {
            "value": "200"
          },
          "restore-snapshot": {
            "value": "50"
          },
          "delete-repository": {
            "value": "50"
          },
          "create-data-stream": {
            "value": "50"
          },
          "put-script": {
            "value": "200"
          },
          "create-snapshot": {
            "value": "50"
          },
          "update-task-state": {
            "value": "200"
          },
          "index-aliases": {
            "value": "200"
          },
          "delete-index": {
            "value": "50"
          },
          "update-snapshot-state": {
            "value": "5000"
          },
          "rollover-index": {
            "value": "200"
          },
          "create-index": {
            "value": "50"
          },
          "update-settings": {
            "value": "50"
          },
          "delete-snapshot": {
            "value": "50"
          },
          "remove-data-stream": {
            "value": "50"
          },
          "delete-script": {
            "value": "200"
          },
          "remove-persistent-task": {
            "value": "200"
          },
          "auto-create": {
            "value": "200"
          },
          "cluster-reroute-api": {
            "value": "50"
          },
          "delete-dangling-index": {
            "value": "50"
          },
          "cluster-update-settings": {
            "value": "50"
          },
          "create-index-template": {
            "value": "50"
          },
          "create-index-template-v2": {
            "value": "50"
          },
          "put-repository": {
            "value": "50"
          },
          "put-mapping": {
            "value": "10000"
          },
          "create-persistent-task": {
            "value": "200"
          },
          "finish-persistent-task": {
            "value": "200"
          },
          "create-component-template": {
            "value": "50"
          },
          "remove-component-template": {
            "value": "50"
          },
          "put-pipeline": {
            "value": "200"
          },
          "remove-index-template": {
            "value": "50"
          }
        }
      }
    }
  },
  "transient": {
    "cluster": {
      "routing": {
        "allocation": {
          "disk": {
            "watermark": {
              "low": "25.0gb",
              "flood_stage": "10.0gb",
              "high": "22.0gb"
            }
          },
          "node_initial_primaries_recoveries": "4",
          "awareness": {
            "force": {
              "zone": {
                "values": "xx-xxxxx-xx,xx-xxxxx-xx,xx-xxxxx-xx"
              }
            }
          },
          "load_awareness": {
            "provisioned_capacity": "3",
            "skew_factor": "50.0"
          },
          "cluster_concurrent_rebalance": "2",
          "node_concurrent_recoveries": "2",
          "exclude": {}
        }
      }
    },
    "indices": {
      "recovery": {
        "max_bytes_per_sec": "60mb"
      }
    },
    "search_backpressure": {
      "node_duress": {
        "heap_threshold": "0.85"
      }
    }
  }
}