[
  {
    "index": "qa_prosearch_listingdata_v1",
    "docs.count": "81940267",
    "store.size": "31gb",
    "pri": "6",
    "rep": "1",
    "indexing.index_total": "259377234",
    "indexing.index_time": "20.3h"
  },
  {
    "index": ".plugins-ml-model-group",
    "docs.count": "1",
    "store.size": "11.9kb",
    "pri": "1",
    "rep": "1",
    "indexing.index_total": "0",
    "indexing.index_time": "0s"
  },
  {
    "index": "dev_prosearch_symboldata_v1",
    "docs.count": "99814",
    "store.size": "75.3mb",
    "pri": "40",
    "rep": "1",
    "indexing.index_total": "200000",
    "indexing.index_time": "38.7s"
  },
  {
    "index": "dev_prosearch_companydata_v1",
    "docs.count": "19226",
    "store.size": "6.4mb",
    "pri": "15",
    "rep": "1",
    "indexing.index_total": "4000",
    "indexing.index_time": "2.3s"
  },
  {
    "index": ".ql-datasources",
    "docs.count": "0",
    "store.size": "624b",
    "pri": "1",
    "rep": "2",
    "indexing.index_total": "0",
    "indexing.index_time": "0s"
  },
  {
    "index": ".plugins-ml-task",
    "docs.count": "12",
    "store.size": "36.5kb",
    "pri": "1",
    "rep": "1",
    "indexing.index_total": "0",
    "indexing.index_time": "0s"
  },
  {
    "index": ".opendistro_security",
    "docs.count": "10",
    "store.size": "286.9kb",
    "pri": "1",
    "rep": "2",
    "indexing.index_total": "27",
    "indexing.index_time": "29ms"
  },
  {
    "index": "dev_prosearch_companydata_v2",
    "docs.count": "598",
    "store.size": "433.8kb",
    "pri": "15",
    "rep": "1",
    "indexing.index_total": "20",
    "indexing.index_time": "14ms"
  },
  {
    "index": ".opensearch-observability",
    "docs.count": "0",
    "store.size": "624b",
    "pri": "1",
    "rep": "2",
    "indexing.index_total": "0",
    "indexing.index_time": "0s"
  },
  {
    "index": "dev_prosearch_listingdata_v1",
    "docs.count": "102101350",
    "store.size": "39.2gb",
    "pri": "6",
    "rep": "1",
    "indexing.index_total": "332125816",
    "indexing.index_time": "1d"
  },
  {
    "index": ".plugins-ml-model",
    "docs.count": "1",
    "store.size": "54.9kb",
    "pri": "1",
    "rep": "1",
    "indexing.index_total": "0",
    "indexing.index_time": "0s"
  },
  {
    "index": "stg_prosearch_securitydata_v1",
    "docs.count": "0",
    "store.size": "4kb",
    "pri": "10",
    "rep": "1",
    "indexing.index_total": "0",
    "indexing.index_time": "0s"
  },
  {
    "index": "dev_prosearch_securitydata_v1",
    "docs.count": "10078",
    "store.size": "12.4mb",
    "pri": "5",
    "rep": "1",
    "indexing.index_total": "20156",
    "indexing.index_time": "3.9s"
  },
  {
    "index": "stg_prosearch_listingdata_v1",
    "docs.count": "8407067",
    "store.size": "3.8gb",
    "pri": "6",
    "rep": "1",
    "indexing.index_total": "17071500",
    "indexing.index_time": "44.5m"
  },
  {
    "index": "dev-reconciliation-company-types",
    "docs.count": "3",
    "store.size": "20.7kb",
    "pri": "1",
    "rep": "1",
    "indexing.index_total": "6",
    "indexing.index_time": "3ms"
  },
  {
    "index": "stg_prosearch_companydata_v1",
    "docs.count": "5533718",
    "store.size": "1.8gb",
    "pri": "15",
    "rep": "1",
    "indexing.index_total": "2022076",
    "indexing.index_time": "13.7m"
  },
  {
    "index": ".plugins-flow-framework-state",
    "docs.count": "2",
    "store.size": "16.5kb",
    "pri": "5",
    "rep": "1",
    "indexing.index_total": "0",
    "indexing.index_time": "0s"
  },
  {
    "index": ".plugins-ml-agent",
    "docs.count": "2",
    "store.size": "66.7kb",
    "pri": "1",
    "rep": "1",
    "indexing.index_total": "0",
    "indexing.index_time": "0s"
  },
  {
    "index": ".plugins-flow-framework-templates",
    "docs.count": "2",
    "store.size": "18.2kb",
    "pri": "5",
    "rep": "1",
    "indexing.index_total": "0",
    "indexing.index_time": "0s"
  },
  {
    "index": "qa_prosearch_symboldata_v1",
    "docs.count": "0",
    "store.size": "16.2kb",
    "pri": "40",
    "rep": "1",
    "indexing.index_total": "0",
    "indexing.index_time": "0s"
  },
  {
    "index": ".kibana_2",
    "docs.count": "15",
    "store.size": "281.1kb",
    "pri": "1",
    "rep": "2",
    "indexing.index_total": "299",
    "indexing.index_time": "288ms"
  },
  {
    "index": "qa_prosearch_securitydata_v1",
    "docs.count": "0",
    "store.size": "4kb",
    "pri": "10",
    "rep": "1",
    "indexing.index_total": "0",
    "indexing.index_time": "0s"
  },
  {
    "index": "dev-reconciliation-company-properties",
    "docs.count": "27",
    "store.size": "33.3kb",
    "pri": "1",
    "rep": "1",
    "indexing.index_total": "58",
    "indexing.index_time": "8ms"
  },
  {
    "index": ".kibana_1",
    "docs.count": "5",
    "store.size": "105.4kb",
    "pri": "1",
    "rep": "2",
    "indexing.index_total": "0",
    "indexing.index_time": "0s"
  },
  {
    "index": ".tasks",
    "docs.count": "3",
    "store.size": "41.6kb",
    "pri": "1",
    "rep": "1",
    "indexing.index_total": "5",
    "indexing.index_time": "2ms"
  },
  {
    "index": ".plugins-ml-config",
    "docs.count": "2",
    "store.size": "27.6kb",
    "pri": "1",
    "rep": "2",
    "indexing.index_total": "0",
    "indexing.index_time": "0s"
  },
  {
    "index": "qa_prosearch_companydata_v1",
    "docs.count": "586265",
    "store.size": "315.7mb",
    "pri": "15",
    "rep": "1",
    "indexing.index_total": "200040",
    "indexing.index_time": "1.6m"
  },
  {
    "index": ".plugins-ml-stop-words",
    "docs.count": "180",
    "store.size": "82kb",
    "pri": "5",
    "rep": "1",
    "indexing.index_total": "0",
    "indexing.index_time": "0s"
  },
  {
    "index": ".plugins-flow-framework-config",
    "docs.count": "1",
    "store.size": "9.5kb",
    "pri": "5",
    "rep": "1",
    "indexing.index_total": "0",
    "indexing.index_time": "0s"
  },
  {
    "index": "stg_prosearch_symboldata_v1",
    "docs.count": "0",
    "store.size": "16.2kb",
    "pri": "40",
    "rep": "1",
    "indexing.index_total": "0",
    "indexing.index_time": "0s"
  }
]