{
  "_nodes": {
    "total": 6,
    "successful": 6,
    "failed": 0
  },
  "cluster_name": "399661886628:dev-prosearch-observability",
  "nodes": {
    "a-aPCEovSlOJ88CAXU4diQ": {
      "timestamp": 1741605515345,
      "name": "5b28e0ec231b34507297425bb9c841a8",
      "roles": [
        "ingest",
        "master",
        "remote_cluster_client"
      ],
      "jvm": {
        "timestamp": 1741605515345,
        "uptime": "39.9d",
        "uptime_in_millis": 3453592628,
        "mem": {
          "heap_used": "1.2gb",
          "heap_used_in_bytes": 1386281792,
          "heap_used_percent": 25,
          "heap_committed": "5gb",
          "heap_committed_in_bytes": 5368709120,
          "heap_max": "5gb",
          "heap_max_in_bytes": 5368709120,
          "non_heap_used": "406mb",
          "non_heap_used_in_bytes": 425767104,
          "non_heap_committed": "441.2mb",
          "non_heap_committed_in_bytes": 462684160,
          "pools": {
            "young": {
              "used": "1020mb",
              "used_in_bytes": 1069547520,
              "max": "0b",
              "max_in_bytes": 0,
              "peak_used": "2.9gb",
              "peak_used_in_bytes": 3217031168,
              "peak_max": "0b",
              "peak_max_in_bytes": 0,
              "last_gc_stats": {
                "used": "0b",
                "used_in_bytes": 0,
                "max": "0b",
                "max_in_bytes": 0,
                "usage_percent": -1
              }
            },
            "old": {
              "used": "297.2mb",
              "used_in_bytes": 311739280,
              "max": "5gb",
              "max_in_bytes": 5368709120,
              "peak_used": "297.2mb",
              "peak_used_in_bytes": 311739280,
              "peak_max": "5gb",
              "peak_max_in_bytes": 5368709120,
              "last_gc_stats": {
                "used": "262.4mb",
                "used_in_bytes": 275155896,
                "max": "5gb",
                "max_in_bytes": 5368709120,
                "usage_percent": 5
              }
            },
            "survivor": {
              "used": "4.7mb",
              "used_in_bytes": 4994992,
              "max": "0b",
              "max_in_bytes": 0,
              "peak_used": "64mb",
              "peak_used_in_bytes": 67108864,
              "peak_max": "0b",
              "peak_max_in_bytes": 0,
              "last_gc_stats": {
                "used": "4.7mb",
                "used_in_bytes": 4994992,
                "max": "0b",
                "max_in_bytes": 0,
                "usage_percent": -1
              }
            }
          }
        },
        "threads": {
          "count": 428,
          "peak_count": 428
        },
        "gc": {
          "collectors": {
            "young": {
              "collection_count": 1175,
              "collection_time": "50.5s",
              "collection_time_in_millis": 50507
            },
            "G1 Concurrent GC": {
              "collection_count": 322,
              "collection_time": "3.7m",
              "collection_time_in_millis": 222270
            },
            "old": {
              "collection_count": 0,
              "collection_time": "0s",
              "collection_time_in_millis": 0
            }
          }
        },
        "buffer_pools": {
          "mapped": {
            "count": 0,
            "used": "0b",
            "used_in_bytes": 0,
            "total_capacity": "0b",
            "total_capacity_in_bytes": 0
          },
          "direct": {
            "count": 322,
            "used": "8.3mb",
            "used_in_bytes": 8796066,
            "total_capacity": "8.3mb",
            "total_capacity_in_bytes": 8796063
          },
          "mapped - 'non-volatile memory'": {
            "count": 0,
            "used": "0b",
            "used_in_bytes": 0,
            "total_capacity": "0b",
            "total_capacity_in_bytes": 0
          }
        },
        "classes": {
          "current_loaded_count": 54844,
          "total_loaded_count": 56564,
          "total_unloaded_count": 1720
        }
      }
    },
    "PXreRaO3Sg-_-wDSh1pS3A": {
      "timestamp": 1741605515344,
      "name": "bfc8dcdfdcd875dd2c4862c20e9bb021",
      "roles": [
        "ingest",
        "master",
        "remote_cluster_client"
      ],
      "jvm": {
        "timestamp": 1741605515345,
        "uptime": "39.9d",
        "uptime_in_millis": 3453642078,
        "mem": {
          "heap_used": "3.1gb",
          "heap_used_in_bytes": 3427361520,
          "heap_used_percent": 63,
          "heap_committed": "5gb",
          "heap_committed_in_bytes": 5368709120,
          "heap_max": "5gb",
          "heap_max_in_bytes": 5368709120,
          "non_heap_used": "459mb",
          "non_heap_used_in_bytes": 481361040,
          "non_heap_committed": "499.5mb",
          "non_heap_committed_in_bytes": 523763712,
          "pools": {
            "young": {
              "used": "2.7gb",
              "used_in_bytes": 2919235584,
              "max": "0b",
              "max_in_bytes": 0,
              "peak_used": "3gb",
              "peak_used_in_bytes": 3233808384,
              "peak_max": "0b",
              "peak_max_in_bytes": 0,
              "last_gc_stats": {
                "used": "0b",
                "used_in_bytes": 0,
                "max": "0b",
                "max_in_bytes": 0,
                "usage_percent": -1
              }
            },
            "old": {
              "used": "456.5mb",
              "used_in_bytes": 478765808,
              "max": "5gb",
              "max_in_bytes": 5368709120,
              "peak_used": "456.5mb",
              "peak_used_in_bytes": 478765808,
              "peak_max": "5gb",
              "peak_max_in_bytes": 5368709120,
              "last_gc_stats": {
                "used": "408.6mb",
                "used_in_bytes": 428459968,
                "max": "5gb",
                "max_in_bytes": 5368709120,
                "usage_percent": 7
              }
            },
            "survivor": {
              "used": "28mb",
              "used_in_bytes": 29360128,
              "max": "0b",
              "max_in_bytes": 0,
              "peak_used": "140mb",
              "peak_used_in_bytes": 146800640,
              "peak_max": "0b",
              "peak_max_in_bytes": 0,
              "last_gc_stats": {
                "used": "28mb",
                "used_in_bytes": 29360128,
                "max": "0b",
                "max_in_bytes": 0,
                "usage_percent": -1
              }
            }
          }
        },
        "threads": {
          "count": 502,
          "peak_count": 502
        },
        "gc": {
          "collectors": {
            "young": {
              "collection_count": 2613,
              "collection_time": "1.4m",
              "collection_time_in_millis": 87052
            },
            "G1 Concurrent GC": {
              "collection_count": 170,
              "collection_time": "2.9m",
              "collection_time_in_millis": 178043
            },
            "old": {
              "collection_count": 0,
              "collection_time": "0s",
              "collection_time_in_millis": 0
            }
          }
        },
        "buffer_pools": {
          "mapped": {
            "count": 0,
            "used": "0b",
            "used_in_bytes": 0,
            "total_capacity": "0b",
            "total_capacity_in_bytes": 0
          },
          "direct": {
            "count": 387,
            "used": "9.4mb",
            "used_in_bytes": 9926403,
            "total_capacity": "9.4mb",
            "total_capacity_in_bytes": 9926399
          },
          "mapped - 'non-volatile memory'": {
            "count": 0,
            "used": "0b",
            "used_in_bytes": 0,
            "total_capacity": "0b",
            "total_capacity_in_bytes": 0
          }
        },
        "classes": {
          "current_loaded_count": 58618,
          "total_loaded_count": 60370,
          "total_unloaded_count": 1752
        }
      }
    },
    "NN8CI07SSpGVordcplHVaA": {
      "timestamp": 1741605515345,
      "name": "ed2b949a118746be02559506ad4fb3c5",
      "roles": [
        "data",
        "ingest",
        "remote_cluster_client"
      ],
      "jvm": {
        "timestamp": 1741605515345,
        "uptime": "39.9d",
        "uptime_in_millis": 3453590983,
        "mem": {
          "heap_used": "2.1gb",
          "heap_used_in_bytes": 2274828064,
          "heap_used_percent": 26,
          "heap_committed": "8gb",
          "heap_committed_in_bytes": 8589934592,
          "heap_max": "8gb",
          "heap_max_in_bytes": 8589934592,
          "non_heap_used": "453.3mb",
          "non_heap_used_in_bytes": 475416256,
          "non_heap_committed": "531.6mb",
          "non_heap_committed_in_bytes": 557514752,
          "pools": {
            "young": {
              "used": "324mb",
              "used_in_bytes": 339738624,
              "max": "0b",
              "max_in_bytes": 0,
              "peak_used": "4.7gb",
              "peak_used_in_bytes": 5142216704,
              "peak_max": "0b",
              "peak_max_in_bytes": 0,
              "last_gc_stats": {
                "used": "0b",
                "used_in_bytes": 0,
                "max": "0b",
                "max_in_bytes": 0,
                "usage_percent": -1
              }
            },
            "old": {
              "used": "1.7gb",
              "used_in_bytes": 1855397664,
              "max": "8gb",
              "max_in_bytes": 8589934592,
              "peak_used": "5.5gb",
              "peak_used_in_bytes": 5920260096,
              "peak_max": "8gb",
              "peak_max_in_bytes": 8589934592,
              "last_gc_stats": {
                "used": "1.7gb",
                "used_in_bytes": 1855397664,
                "max": "8gb",
                "max_in_bytes": 8589934592,
                "usage_percent": 21
              }
            },
            "survivor": {
              "used": "76mb",
              "used_in_bytes": 79691776,
              "max": "0b",
              "max_in_bytes": 0,
              "peak_used": "440mb",
              "peak_used_in_bytes": 461373440,
              "peak_max": "0b",
              "peak_max_in_bytes": 0,
              "last_gc_stats": {
                "used": "76mb",
                "used_in_bytes": 79691776,
                "max": "0b",
                "max_in_bytes": 0,
                "usage_percent": -1
              }
            }
          }
        },
        "threads": {
          "count": 533,
          "peak_count": 533
        },
        "gc": {
          "collectors": {
            "young": {
              "collection_count": 26699,
              "collection_time": "45.3m",
              "collection_time_in_millis": 2719093
            },
            "G1 Concurrent GC": {
              "collection_count": 9906,
              "collection_time": "3.2m",
              "collection_time_in_millis": 194466
            },
            "old": {
              "collection_count": 0,
              "collection_time": "0s",
              "collection_time_in_millis": 0
            }
          }
        },
        "buffer_pools": {
          "mapped": {
            "count": 1810,
            "used": "14.6gb",
            "used_in_bytes": 15719699254,
            "total_capacity": "14.6gb",
            "total_capacity_in_bytes": 15719699254
          },
          "direct": {
            "count": 429,
            "used": "9.6mb",
            "used_in_bytes": 10102713,
            "total_capacity": "9.6mb",
            "total_capacity_in_bytes": 10102710
          },
          "mapped - 'non-volatile memory'": {
            "count": 0,
            "used": "0b",
            "used_in_bytes": 0,
            "total_capacity": "0b",
            "total_capacity_in_bytes": 0
          }
        },
        "classes": {
          "current_loaded_count": 62798,
          "total_loaded_count": 64974,
          "total_unloaded_count": 2176
        }
      }
    },
    "JscVIi4WTd2OQs7jC3Vkhg": {
      "timestamp": 1741605515344,
      "name": "31812ad7aa4cb1188f33436d9480a95e",
      "roles": [
        "ingest",
        "master",
        "remote_cluster_client"
      ],
      "jvm": {
        "timestamp": 1741605515344,
        "uptime": "39.9d",
        "uptime_in_millis": 3453616771,
        "mem": {
          "heap_used": "951.7mb",
          "heap_used_in_bytes": 997956536,
          "heap_used_percent": 18,
          "heap_committed": "5gb",
          "heap_committed_in_bytes": 5368709120,
          "heap_max": "5gb",
          "heap_max_in_bytes": 5368709120,
          "non_heap_used": "404.4mb",
          "non_heap_used_in_bytes": 424144304,
          "non_heap_committed": "441.8mb",
          "non_heap_committed_in_bytes": 463273984,
          "pools": {
            "young": {
              "used": "656mb",
              "used_in_bytes": 687865856,
              "max": "0b",
              "max_in_bytes": 0,
              "peak_used": "2.9gb",
              "peak_used_in_bytes": 3217031168,
              "peak_max": "0b",
              "peak_max_in_bytes": 0,
              "last_gc_stats": {
                "used": "0b",
                "used_in_bytes": 0,
                "max": "0b",
                "max_in_bytes": 0,
                "usage_percent": -1
              }
            },
            "old": {
              "used": "291.7mb",
              "used_in_bytes": 305896376,
              "max": "5gb",
              "max_in_bytes": 5368709120,
              "peak_used": "291.7mb",
              "peak_used_in_bytes": 305896376,
              "peak_max": "5gb",
              "peak_max_in_bytes": 5368709120,
              "last_gc_stats": {
                "used": "263mb",
                "used_in_bytes": 275790832,
                "max": "5gb",
                "max_in_bytes": 5368709120,
                "usage_percent": 5
              }
            },
            "survivor": {
              "used": "4mb",
              "used_in_bytes": 4194304,
              "max": "0b",
              "max_in_bytes": 0,
              "peak_used": "58mb",
              "peak_used_in_bytes": 60817408,
              "peak_max": "0b",
              "peak_max_in_bytes": 0,
              "last_gc_stats": {
                "used": "4mb",
                "used_in_bytes": 4194304,
                "max": "0b",
                "max_in_bytes": 0,
                "usage_percent": -1
              }
            }
          }
        },
        "threads": {
          "count": 429,
          "peak_count": 429
        },
        "gc": {
          "collectors": {
            "young": {
              "collection_count": 1157,
              "collection_time": "50s",
              "collection_time_in_millis": 50036
            },
            "G1 Concurrent GC": {
              "collection_count": 308,
              "collection_time": "4.5m",
              "collection_time_in_millis": 272913
            },
            "old": {
              "collection_count": 0,
              "collection_time": "0s",
              "collection_time_in_millis": 0
            }
          }
        },
        "buffer_pools": {
          "mapped": {
            "count": 0,
            "used": "0b",
            "used_in_bytes": 0,
            "total_capacity": "0b",
            "total_capacity_in_bytes": 0
          },
          "direct": {
            "count": 322,
            "used": "8.3mb",
            "used_in_bytes": 8806274,
            "total_capacity": "8.3mb",
            "total_capacity_in_bytes": 8806271
          },
          "mapped - 'non-volatile memory'": {
            "count": 0,
            "used": "0b",
            "used_in_bytes": 0,
            "total_capacity": "0b",
            "total_capacity_in_bytes": 0
          }
        },
        "classes": {
          "current_loaded_count": 54834,
          "total_loaded_count": 56531,
          "total_unloaded_count": 1697
        }
      }
    },
    "GSseVqxqTmO7lv7T-0iLPA": {
      "timestamp": 1741605515344,
      "name": "0f3401e3199bd5eed67f730151763e39",
      "roles": [
        "data",
        "ingest",
        "remote_cluster_client"
      ],
      "jvm": {
        "timestamp": 1741605515344,
        "uptime": "39.9d",
        "uptime_in_millis": 3453579258,
        "mem": {
          "heap_used": "2.7gb",
          "heap_used_in_bytes": 2994413568,
          "heap_used_percent": 34,
          "heap_committed": "8gb",
          "heap_committed_in_bytes": 8589934592,
          "heap_max": "8gb",
          "heap_max_in_bytes": 8589934592,
          "non_heap_used": "461.9mb",
          "non_heap_used_in_bytes": 484408768,
          "non_heap_committed": "530.5mb",
          "non_heap_committed_in_bytes": 556269568,
          "pools": {
            "young": {
              "used": "968mb",
              "used_in_bytes": 1015021568,
              "max": "0b",
              "max_in_bytes": 0,
              "peak_used": "4.7gb",
              "peak_used_in_bytes": 5142216704,
              "peak_max": "0b",
              "peak_max_in_bytes": 0,
              "last_gc_stats": {
                "used": "0b",
                "used_in_bytes": 0,
                "max": "0b",
                "max_in_bytes": 0,
                "usage_percent": -1
              }
            },
            "old": {
              "used": "1.7gb",
              "used_in_bytes": 1826299904,
              "max": "8gb",
              "max_in_bytes": 8589934592,
              "peak_used": "4.2gb",
              "peak_used_in_bytes": 4584374272,
              "peak_max": "8gb",
              "peak_max_in_bytes": 8589934592,
              "last_gc_stats": {
                "used": "1.7gb",
                "used_in_bytes": 1826299904,
                "max": "8gb",
                "max_in_bytes": 8589934592,
                "usage_percent": 21
              }
            },
            "survivor": {
              "used": "146mb",
              "used_in_bytes": 153092096,
              "max": "0b",
              "max_in_bytes": 0,
              "peak_used": "450mb",
              "peak_used_in_bytes": 471859200,
              "peak_max": "0b",
              "peak_max_in_bytes": 0,
              "last_gc_stats": {
                "used": "146mb",
                "used_in_bytes": 153092096,
                "max": "0b",
                "max_in_bytes": 0,
                "usage_percent": -1
              }
            }
          }
        },
        "threads": {
          "count": 535,
          "peak_count": 535
        },
        "gc": {
          "collectors": {
            "young": {
              "collection_count": 23478,
              "collection_time": "42.4m",
              "collection_time_in_millis": 2544973
            },
            "G1 Concurrent GC": {
              "collection_count": 8754,
              "collection_time": "2.7m",
              "collection_time_in_millis": 163290
            },
            "old": {
              "collection_count": 0,
              "collection_time": "0s",
              "collection_time_in_millis": 0
            }
          }
        },
        "buffer_pools": {
          "mapped": {
            "count": 1873,
            "used": "15.5gb",
            "used_in_bytes": 16747528570,
            "total_capacity": "15.5gb",
            "total_capacity_in_bytes": 16747528570
          },
          "direct": {
            "count": 431,
            "used": "9.7mb",
            "used_in_bytes": 10178212,
            "total_capacity": "9.7mb",
            "total_capacity_in_bytes": 10178209
          },
          "mapped - 'non-volatile memory'": {
            "count": 0,
            "used": "0b",
            "used_in_bytes": 0,
            "total_capacity": "0b",
            "total_capacity_in_bytes": 0
          }
        },
        "classes": {
          "current_loaded_count": 62000,
          "total_loaded_count": 64064,
          "total_unloaded_count": 2064
        }
      }
    },
    "Ghbw7kR-TpC-uBxTMkq3tw": {
      "timestamp": 1741605515345,
      "name": "b8b402c08f3f9331ceb462343ce17161",
      "roles": [
        "data",
        "ingest",
        "remote_cluster_client"
      ],
      "jvm": {
        "timestamp": 1741605515345,
        "uptime": "39.9d",
        "uptime_in_millis": 3453583502,
        "mem": {
          "heap_used": "3.3gb",
          "heap_used_in_bytes": 3622632456,
          "heap_used_percent": 42,
          "heap_committed": "8gb",
          "heap_committed_in_bytes": 8589934592,
          "heap_max": "8gb",
          "heap_max_in_bytes": 8589934592,
          "non_heap_used": "466.2mb",
          "non_heap_used_in_bytes": 488858824,
          "non_heap_committed": "530.8mb",
          "non_heap_committed_in_bytes": 556597248,
          "pools": {
            "young": {
              "used": "1.4gb",
              "used_in_bytes": 1577058304,
              "max": "0b",
              "max_in_bytes": 0,
              "peak_used": "4.7gb",
              "peak_used_in_bytes": 5142216704,
              "peak_max": "0b",
              "peak_max_in_bytes": 0,
              "last_gc_stats": {
                "used": "0b",
                "used_in_bytes": 0,
                "max": "0b",
                "max_in_bytes": 0,
                "usage_percent": -1
              }
            },
            "old": {
              "used": "1.7gb",
              "used_in_bytes": 1917647880,
              "max": "8gb",
              "max_in_bytes": 8589934592,
              "peak_used": "4.5gb",
              "peak_used_in_bytes": 4870662008,
              "peak_max": "8gb",
              "peak_max_in_bytes": 8589934592,
              "last_gc_stats": {
                "used": "1.7gb",
                "used_in_bytes": 1917647880,
                "max": "8gb",
                "max_in_bytes": 8589934592,
                "usage_percent": 22
              }
            },
            "survivor": {
              "used": "122mb",
              "used_in_bytes": 127926272,
              "max": "0b",
              "max_in_bytes": 0,
              "peak_used": "444mb",
              "peak_used_in_bytes": 465567744,
              "peak_max": "0b",
              "peak_max_in_bytes": 0,
              "last_gc_stats": {
                "used": "122mb",
                "used_in_bytes": 127926272,
                "max": "0b",
                "max_in_bytes": 0,
                "usage_percent": -1
              }
            }
          }
        },
        "threads": {
          "count": 525,
          "peak_count": 525
        },
        "gc": {
          "collectors": {
            "young": {
              "collection_count": 24274,
              "collection_time": "42.5m",
              "collection_time_in_millis": 2550168
            },
            "G1 Concurrent GC": {
              "collection_count": 9168,
              "collection_time": "3m",
              "collection_time_in_millis": 184912
            },
            "old": {
              "collection_count": 0,
              "collection_time": "0s",
              "collection_time_in_millis": 0
            }
          }
        },
        "buffer_pools": {
          "mapped": {
            "count": 1785,
            "used": "14.4gb",
            "used_in_bytes": 15520289199,
            "total_capacity": "14.4gb",
            "total_capacity_in_bytes": 15520289199
          },
          "direct": {
            "count": 416,
            "used": "9.4mb",
            "used_in_bytes": 9916116,
            "total_capacity": "9.4mb",
            "total_capacity_in_bytes": 9916113
          },
          "mapped - 'non-volatile memory'": {
            "count": 0,
            "used": "0b",
            "used_in_bytes": 0,
            "total_capacity": "0b",
            "total_capacity_in_bytes": 0
          }
        },
        "classes": {
          "current_loaded_count": 63056,
          "total_loaded_count": 65223,
          "total_unloaded_count": 2167
        }
      }
    }
  }
}