{
  "_nodes": {
    "total": 6,
    "successful": 6,
    "failed": 0
  },
  "cluster_name": "399661886628:dev-prosearch-observability",
  "nodes": {
    "a-aPCEovSlOJ88CAXU4diQ": {
      "timestamp": 1741605278471,
      "name": "5b28e0ec231b34507297425bb9c841a8",
      "roles": [
        "ingest",
        "master",
        "remote_cluster_client"
      ],
      "jvm": {
        "timestamp": 1741605278400,
        "uptime": "39.9d",
        "uptime_in_millis": 3453355684,
        "mem": {
          "heap_used": "814mb",
          "heap_used_in_bytes": 853605184,
          "heap_used_percent": 15,
          "heap_committed": "5gb",
          "heap_committed_in_bytes": 5368709120,
          "heap_max": "5gb",
          "heap_max_in_bytes": 5368709120,
          "non_heap_used": "405.9mb",
          "non_heap_used_in_bytes": 425713088,
          "non_heap_committed": "441.1mb",
          "non_heap_committed_in_bytes": 462618624,
          "pools": {
            "young": {
              "used": "512mb",
              "used_in_bytes": 536870912,
              "max": "0b",
              "max_in_bytes": 0,
              "peak_used": "2.9gb",
              "peak_used_in_bytes": 3217031168,
              "peak_max": "0b",
              "peak_max_in_bytes": 0,
              "last_gc_stats": {
                "used": "0b",
                "used_in_bytes": 0,
                "max": "0b",
                "max_in_bytes": 0,
                "usage_percent": -1
              }
            },
            "old": {
              "used": "297.2mb",
              "used_in_bytes": 311739280,
              "max": "5gb",
              "max_in_bytes": 5368709120,
              "peak_used": "297.2mb",
              "peak_used_in_bytes": 311739280,
              "peak_max": "5gb",
              "peak_max_in_bytes": 5368709120,
              "last_gc_stats": {
                "used": "262.4mb",
                "used_in_bytes": 275155896,
                "max": "5gb",
                "max_in_bytes": 5368709120,
                "usage_percent": 5
              }
            },
            "survivor": {
              "used": "4.7mb",
              "used_in_bytes": 4994992,
              "max": "0b",
              "max_in_bytes": 0,
              "peak_used": "64mb",
              "peak_used_in_bytes": 67108864,
              "peak_max": "0b",
              "peak_max_in_bytes": 0,
              "last_gc_stats": {
                "used": "4.7mb",
                "used_in_bytes": 4994992,
                "max": "0b",
                "max_in_bytes": 0,
                "usage_percent": -1
              }
            }
          }
        },
        "threads": {
          "count": 428,
          "peak_count": 428
        },
        "gc": {
          "collectors": {
            "young": {
              "collection_count": 1175,
              "collection_time": "50.5s",
              "collection_time_in_millis": 50507
            },
            "G1 Concurrent GC": {
              "collection_count": 322,
              "collection_time": "3.7m",
              "collection_time_in_millis": 222270
            },
            "old": {
              "collection_count": 0,
              "collection_time": "0s",
              "collection_time_in_millis": 0
            }
          }
        },
        "buffer_pools": {
          "mapped": {
            "count": 0,
            "used": "0b",
            "used_in_bytes": 0,
            "total_capacity": "0b",
            "total_capacity_in_bytes": 0
          },
          "direct": {
            "count": 321,
            "used": "8.3mb",
            "used_in_bytes": 8796049,
            "total_capacity": "8.3mb",
            "total_capacity_in_bytes": 8796046
          },
          "mapped - 'non-volatile memory'": {
            "count": 0,
            "used": "0b",
            "used_in_bytes": 0,
            "total_capacity": "0b",
            "total_capacity_in_bytes": 0
          }
        },
        "classes": {
          "current_loaded_count": 54844,
          "total_loaded_count": 56564,
          "total_unloaded_count": 1720
        }
      }
    },
    "PXreRaO3Sg-_-wDSh1pS3A": {
      "timestamp": 1741605278471,
      "name": "bfc8dcdfdcd875dd2c4862c20e9bb021",
      "roles": [
        "ingest",
        "master",
        "remote_cluster_client"
      ],
      "jvm": {
        "timestamp": 1741605278471,
        "uptime": "39.9d",
        "uptime_in_millis": 3453405205,
        "mem": {
          "heap_used": "3.1gb",
          "heap_used_in_bytes": 3361296624,
          "heap_used_percent": 62,
          "heap_committed": "5gb",
          "heap_committed_in_bytes": 5368709120,
          "heap_max": "5gb",
          "heap_max_in_bytes": 5368709120,
          "non_heap_used": "459mb",
          "non_heap_used_in_bytes": 481322768,
          "non_heap_committed": "499.5mb",
          "non_heap_committed_in_bytes": 523763712,
          "pools": {
            "young": {
              "used": "2.6gb",
              "used_in_bytes": 2881486848,
              "max": "0b",
              "max_in_bytes": 0,
              "peak_used": "3gb",
              "peak_used_in_bytes": 3233808384,
              "peak_max": "0b",
              "peak_max_in_bytes": 0,
              "last_gc_stats": {
                "used": "0b",
                "used_in_bytes": 0,
                "max": "0b",
                "max_in_bytes": 0,
                "usage_percent": -1
              }
            },
            "old": {
              "used": "448.5mb",
              "used_in_bytes": 470328368,
              "max": "5gb",
              "max_in_bytes": 5368709120,
              "peak_used": "456.4mb",
              "peak_used_in_bytes": 478631616,
              "peak_max": "5gb",
              "peak_max_in_bytes": 5368709120,
              "last_gc_stats": {
                "used": "408.6mb",
                "used_in_bytes": 428459968,
                "max": "5gb",
                "max_in_bytes": 5368709120,
                "usage_percent": 7
              }
            },
            "survivor": {
              "used": "9mb",
              "used_in_bytes": 9481408,
              "max": "0b",
              "max_in_bytes": 0,
              "peak_used": "140mb",
              "peak_used_in_bytes": 146800640,
              "peak_max": "0b",
              "peak_max_in_bytes": 0,
              "last_gc_stats": {
                "used": "9mb",
                "used_in_bytes": 9481408,
                "max": "0b",
                "max_in_bytes": 0,
                "usage_percent": -1
              }
            }
          }
        },
        "threads": {
          "count": 439,
          "peak_count": 439
        },
        "gc": {
          "collectors": {
            "young": {
              "collection_count": 2612,
              "collection_time": "1.4m",
              "collection_time_in_millis": 86993
            },
            "G1 Concurrent GC": {
              "collection_count": 170,
              "collection_time": "2.9m",
              "collection_time_in_millis": 178043
            },
            "old": {
              "collection_count": 0,
              "collection_time": "0s",
              "collection_time_in_millis": 0
            }
          }
        },
        "buffer_pools": {
          "mapped": {
            "count": 0,
            "used": "0b",
            "used_in_bytes": 0,
            "total_capacity": "0b",
            "total_capacity_in_bytes": 0
          },
          "direct": {
            "count": 324,
            "used": "8.4mb",
            "used_in_bytes": 8893140,
            "total_capacity": "8.4mb",
            "total_capacity_in_bytes": 8893136
          },
          "mapped - 'non-volatile memory'": {
            "count": 0,
            "used": "0b",
            "used_in_bytes": 0,
            "total_capacity": "0b",
            "total_capacity_in_bytes": 0
          }
        },
        "classes": {
          "current_loaded_count": 58618,
          "total_loaded_count": 60370,
          "total_unloaded_count": 1752
        }
      }
    },
    "NN8CI07SSpGVordcplHVaA": {
      "timestamp": 1741605278471,
      "name": "ed2b949a118746be02559506ad4fb3c5",
      "roles": [
        "data",
        "ingest",
        "remote_cluster_client"
      ],
      "jvm": {
        "timestamp": 1741605278471,
        "uptime": "39.9d",
        "uptime_in_millis": 3453354109,
        "mem": {
          "heap_used": "2.4gb",
          "heap_used_in_bytes": 2604330360,
          "heap_used_percent": 30,
          "heap_committed": "8gb",
          "heap_committed_in_bytes": 8589934592,
          "heap_max": "8gb",
          "heap_max_in_bytes": 8589934592,
          "non_heap_used": "441.3mb",
          "non_heap_used_in_bytes": 462775696,
          "non_heap_committed": "531.6mb",
          "non_heap_committed_in_bytes": 557514752,
          "pools": {
            "young": {
              "used": "692mb",
              "used_in_bytes": 725614592,
              "max": "0b",
              "max_in_bytes": 0,
              "peak_used": "4.7gb",
              "peak_used_in_bytes": 5142216704,
              "peak_max": "0b",
              "peak_max_in_bytes": 0,
              "last_gc_stats": {
                "used": "0b",
                "used_in_bytes": 0,
                "max": "0b",
                "max_in_bytes": 0,
                "usage_percent": -1
              }
            },
            "old": {
              "used": "1.7gb",
              "used_in_bytes": 1828384120,
              "max": "8gb",
              "max_in_bytes": 8589934592,
              "peak_used": "5.5gb",
              "peak_used_in_bytes": 5920260096,
              "peak_max": "8gb",
              "peak_max_in_bytes": 8589934592,
              "last_gc_stats": {
                "used": "1.7gb",
                "used_in_bytes": 1828384120,
                "max": "8gb",
                "max_in_bytes": 8589934592,
                "usage_percent": 21
              }
            },
            "survivor": {
              "used": "48mb",
              "used_in_bytes": 50331648,
              "max": "0b",
              "max_in_bytes": 0,
              "peak_used": "440mb",
              "peak_used_in_bytes": 461373440,
              "peak_max": "0b",
              "peak_max_in_bytes": 0,
              "last_gc_stats": {
                "used": "48mb",
                "used_in_bytes": 50331648,
                "max": "0b",
                "max_in_bytes": 0,
                "usage_percent": -1
              }
            }
          }
        },
        "threads": {
          "count": 531,
          "peak_count": 533
        },
        "gc": {
          "collectors": {
            "young": {
              "collection_count": 26655,
              "collection_time": "45.2m",
              "collection_time_in_millis": 2712892
            },
            "G1 Concurrent GC": {
              "collection_count": 9892,
              "collection_time": "3.2m",
              "collection_time_in_millis": 194273
            },
            "old": {
              "collection_count": 0,
              "collection_time": "0s",
              "collection_time_in_millis": 0
            }
          }
        },
        "buffer_pools": {
          "mapped": {
            "count": 1787,
            "used": "14.6gb",
            "used_in_bytes": 15695107941,
            "total_capacity": "14.6gb",
            "total_capacity_in_bytes": 15695107941
          },
          "direct": {
            "count": 428,
            "used": "9.6mb",
            "used_in_bytes": 10094500,
            "total_capacity": "9.6mb",
            "total_capacity_in_bytes": 10094497
          },
          "mapped - 'non-volatile memory'": {
            "count": 0,
            "used": "0b",
            "used_in_bytes": 0,
            "total_capacity": "0b",
            "total_capacity_in_bytes": 0
          }
        },
        "classes": {
          "current_loaded_count": 62798,
          "total_loaded_count": 64974,
          "total_unloaded_count": 2176
        }
      }
    },
    "JscVIi4WTd2OQs7jC3Vkhg": {
      "timestamp": 1741605278471,
      "name": "31812ad7aa4cb1188f33436d9480a95e",
      "roles": [
        "ingest",
        "master",
        "remote_cluster_client"
      ],
      "jvm": {
        "timestamp": 1741605278471,
        "uptime": "39.9d",
        "uptime_in_millis": 3453379898,
        "mem": {
          "heap_used": "443.7mb",
          "heap_used_in_bytes": 465279928,
          "heap_used_percent": 8,
          "heap_committed": "5gb",
          "heap_committed_in_bytes": 5368709120,
          "heap_max": "5gb",
          "heap_max_in_bytes": 5368709120,
          "non_heap_used": "404.4mb",
          "non_heap_used_in_bytes": 424144304,
          "non_heap_committed": "441.8mb",
          "non_heap_committed_in_bytes": 463273984,
          "pools": {
            "young": {
              "used": "148mb",
              "used_in_bytes": 155189248,
              "max": "0b",
              "max_in_bytes": 0,
              "peak_used": "2.9gb",
              "peak_used_in_bytes": 3217031168,
              "peak_max": "0b",
              "peak_max_in_bytes": 0,
              "last_gc_stats": {
                "used": "0b",
                "used_in_bytes": 0,
                "max": "0b",
                "max_in_bytes": 0,
                "usage_percent": -1
              }
            },
            "old": {
              "used": "291.7mb",
              "used_in_bytes": 305896376,
              "max": "5gb",
              "max_in_bytes": 5368709120,
              "peak_used": "291.7mb",
              "peak_used_in_bytes": 305896376,
              "peak_max": "5gb",
              "peak_max_in_bytes": 5368709120,
              "last_gc_stats": {
                "used": "263mb",
                "used_in_bytes": 275790832,
                "max": "5gb",
                "max_in_bytes": 5368709120,
                "usage_percent": 5
              }
            },
            "survivor": {
              "used": "4mb",
              "used_in_bytes": 4194304,
              "max": "0b",
              "max_in_bytes": 0,
              "peak_used": "58mb",
              "peak_used_in_bytes": 60817408,
              "peak_max": "0b",
              "peak_max_in_bytes": 0,
              "last_gc_stats": {
                "used": "4mb",
                "used_in_bytes": 4194304,
                "max": "0b",
                "max_in_bytes": 0,
                "usage_percent": -1
              }
            }
          }
        },
        "threads": {
          "count": 429,
          "peak_count": 429
        },
        "gc": {
          "collectors": {
            "young": {
              "collection_count": 1157,
              "collection_time": "50s",
              "collection_time_in_millis": 50036
            },
            "G1 Concurrent GC": {
              "collection_count": 308,
              "collection_time": "4.5m",
              "collection_time_in_millis": 272913
            },
            "old": {
              "collection_count": 0,
              "collection_time": "0s",
              "collection_time_in_millis": 0
            }
          }
        },
        "buffer_pools": {
          "mapped": {
            "count": 0,
            "used": "0b",
            "used_in_bytes": 0,
            "total_capacity": "0b",
            "total_capacity_in_bytes": 0
          },
          "direct": {
            "count": 322,
            "used": "8.3mb",
            "used_in_bytes": 8806274,
            "total_capacity": "8.3mb",
            "total_capacity_in_bytes": 8806271
          },
          "mapped - 'non-volatile memory'": {
            "count": 0,
            "used": "0b",
            "used_in_bytes": 0,
            "total_capacity": "0b",
            "total_capacity_in_bytes": 0
          }
        },
        "classes": {
          "current_loaded_count": 54834,
          "total_loaded_count": 56531,
          "total_unloaded_count": 1697
        }
      }
    },
    "GSseVqxqTmO7lv7T-0iLPA": {
      "timestamp": 1741605278470,
      "name": "0f3401e3199bd5eed67f730151763e39",
      "roles": [
        "data",
        "ingest",
        "remote_cluster_client"
      ],
      "jvm": {
        "timestamp": 1741605278470,
        "uptime": "39.9d",
        "uptime_in_millis": 3453342385,
        "mem": {
          "heap_used": "1.9gb",
          "heap_used_in_bytes": 2078102800,
          "heap_used_percent": 24,
          "heap_committed": "8gb",
          "heap_committed_in_bytes": 8589934592,
          "heap_max": "8gb",
          "heap_max_in_bytes": 8589934592,
          "non_heap_used": "459.7mb",
          "non_heap_used_in_bytes": 482037952,
          "non_heap_committed": "530.5mb",
          "non_heap_committed_in_bytes": 556269568,
          "pools": {
            "young": {
              "used": "244mb",
              "used_in_bytes": 255852544,
              "max": "0b",
              "max_in_bytes": 0,
              "peak_used": "4.7gb",
              "peak_used_in_bytes": 5142216704,
              "peak_max": "0b",
              "peak_max_in_bytes": 0,
              "last_gc_stats": {
                "used": "0b",
                "used_in_bytes": 0,
                "max": "0b",
                "max_in_bytes": 0,
                "usage_percent": -1
              }
            },
            "old": {
              "used": "1.6gb",
              "used_in_bytes": 1778210064,
              "max": "8gb",
              "max_in_bytes": 8589934592,
              "peak_used": "4.2gb",
              "peak_used_in_bytes": 4584374272,
              "peak_max": "8gb",
              "peak_max_in_bytes": 8589934592,
              "last_gc_stats": {
                "used": "1.6gb",
                "used_in_bytes": 1778210064,
                "max": "8gb",
                "max_in_bytes": 8589934592,
                "usage_percent": 20
              }
            },
            "survivor": {
              "used": "42mb",
              "used_in_bytes": 44040192,
              "max": "0b",
              "max_in_bytes": 0,
              "peak_used": "450mb",
              "peak_used_in_bytes": 471859200,
              "peak_max": "0b",
              "peak_max_in_bytes": 0,
              "last_gc_stats": {
                "used": "42mb",
                "used_in_bytes": 44040192,
                "max": "0b",
                "max_in_bytes": 0,
                "usage_percent": -1
              }
            }
          }
        },
        "threads": {
          "count": 531,
          "peak_count": 531
        },
        "gc": {
          "collectors": {
            "young": {
              "collection_count": 23429,
              "collection_time": "42.3m",
              "collection_time_in_millis": 2538831
            },
            "G1 Concurrent GC": {
              "collection_count": 8738,
              "collection_time": "2.7m",
              "collection_time_in_millis": 163038
            },
            "old": {
              "collection_count": 0,
              "collection_time": "0s",
              "collection_time_in_millis": 0
            }
          }
        },
        "buffer_pools": {
          "mapped": {
            "count": 1849,
            "used": "15.5gb",
            "used_in_bytes": 16719500340,
            "total_capacity": "15.5gb",
            "total_capacity_in_bytes": 16719500340
          },
          "direct": {
            "count": 430,
            "used": "9.6mb",
            "used_in_bytes": 10161824,
            "total_capacity": "9.6mb",
            "total_capacity_in_bytes": 10161821
          },
          "mapped - 'non-volatile memory'": {
            "count": 0,
            "used": "0b",
            "used_in_bytes": 0,
            "total_capacity": "0b",
            "total_capacity_in_bytes": 0
          }
        },
        "classes": {
          "current_loaded_count": 62000,
          "total_loaded_count": 64064,
          "total_unloaded_count": 2064
        }
      }
    },
    "Ghbw7kR-TpC-uBxTMkq3tw": {
      "timestamp": 1741605278471,
      "name": "b8b402c08f3f9331ceb462343ce17161",
      "roles": [
        "data",
        "ingest",
        "remote_cluster_client"
      ],
      "jvm": {
        "timestamp": 1741605278471,
        "uptime": "39.9d",
        "uptime_in_millis": 3453346629,
        "mem": {
          "heap_used": "2.5gb",
          "heap_used_in_bytes": 2703753232,
          "heap_used_percent": 31,
          "heap_committed": "8gb",
          "heap_committed_in_bytes": 8589934592,
          "heap_max": "8gb",
          "heap_max_in_bytes": 8589934592,
          "non_heap_used": "464.1mb",
          "non_heap_used_in_bytes": 486696088,
          "non_heap_committed": "530.8mb",
          "non_heap_committed_in_bytes": 556597248,
          "pools": {
            "young": {
              "used": "768mb",
              "used_in_bytes": 805306368,
              "max": "0b",
              "max_in_bytes": 0,
              "peak_used": "4.7gb",
              "peak_used_in_bytes": 5142216704,
              "peak_max": "0b",
              "peak_max_in_bytes": 0,
              "last_gc_stats": {
                "used": "0b",
                "used_in_bytes": 0,
                "max": "0b",
                "max_in_bytes": 0,
                "usage_percent": -1
              }
            },
            "old": {
              "used": "1.7gb",
              "used_in_bytes": 1854406672,
              "max": "8gb",
              "max_in_bytes": 8589934592,
              "peak_used": "4.5gb",
              "peak_used_in_bytes": 4870662008,
              "peak_max": "8gb",
              "peak_max_in_bytes": 8589934592,
              "last_gc_stats": {
                "used": "1.7gb",
                "used_in_bytes": 1854406672,
                "max": "8gb",
                "max_in_bytes": 8589934592,
                "usage_percent": 21
              }
            },
            "survivor": {
              "used": "42mb",
              "used_in_bytes": 44040192,
              "max": "0b",
              "max_in_bytes": 0,
              "peak_used": "444mb",
              "peak_used_in_bytes": 465567744,
              "peak_max": "0b",
              "peak_max_in_bytes": 0,
              "last_gc_stats": {
                "used": "42mb",
                "used_in_bytes": 44040192,
                "max": "0b",
                "max_in_bytes": 0,
                "usage_percent": -1
              }
            }
          }
        },
        "threads": {
          "count": 522,
          "peak_count": 524
        },
        "gc": {
          "collectors": {
            "young": {
              "collection_count": 24218,
              "collection_time": "42.3m",
              "collection_time_in_millis": 2542613
            },
            "G1 Concurrent GC": {
              "collection_count": 9152,
              "collection_time": "3m",
              "collection_time_in_millis": 184685
            },
            "old": {
              "collection_count": 0,
              "collection_time": "0s",
              "collection_time_in_millis": 0
            }
          }
        },
        "buffer_pools": {
          "mapped": {
            "count": 1761,
            "used": "14.5gb",
            "used_in_bytes": 15577664508,
            "total_capacity": "14.5gb",
            "total_capacity_in_bytes": 15577664508
          },
          "direct": {
            "count": 415,
            "used": "9.4mb",
            "used_in_bytes": 9907924,
            "total_capacity": "9.4mb",
            "total_capacity_in_bytes": 9907921
          },
          "mapped - 'non-volatile memory'": {
            "count": 0,
            "used": "0b",
            "used_in_bytes": 0,
            "total_capacity": "0b",
            "total_capacity_in_bytes": 0
          }
        },
        "classes": {
          "current_loaded_count": 63056,
          "total_loaded_count": 65223,
          "total_unloaded_count": 2167
        }
      }
    }
  }
}