{
  "_nodes": {
    "total": 6,
    "successful": 6,
    "failed": 0
  },
  "cluster_name": "399661886628:dev-prosearch-observability",
  "nodes": {
    "a-aPCEovSlOJ88CAXU4diQ": {
      "timestamp": 1741605334445,
      "name": "5b28e0ec231b34507297425bb9c841a8",
      "roles": [
        "ingest",
        "master",
        "remote_cluster_client"
      ],
      "jvm": {
        "timestamp": 1741605334445,
        "uptime": "39.9d",
        "uptime_in_millis": 3453411729,
        "mem": {
          "heap_used": "986mb",
          "heap_used_in_bytes": 1033960256,
          "heap_used_percent": 19,
          "heap_committed": "5gb",
          "heap_committed_in_bytes": 5368709120,
          "heap_max": "5gb",
          "heap_max_in_bytes": 5368709120,
          "non_heap_used": "405.9mb",
          "non_heap_used_in_bytes": 425713088,
          "non_heap_committed": "441.1mb",
          "non_heap_committed_in_bytes": 462618624,
          "pools": {
            "young": {
              "used": "684mb",
              "used_in_bytes": 717225984,
              "max": "0b",
              "max_in_bytes": 0,
              "peak_used": "2.9gb",
              "peak_used_in_bytes": 3217031168,
              "peak_max": "0b",
              "peak_max_in_bytes": 0,
              "last_gc_stats": {
                "used": "0b",
                "used_in_bytes": 0,
                "max": "0b",
                "max_in_bytes": 0,
                "usage_percent": -1
              }
            },
            "old": {
              "used": "297.2mb",
              "used_in_bytes": 311739280,
              "max": "5gb",
              "max_in_bytes": 5368709120,
              "peak_used": "297.2mb",
              "peak_used_in_bytes": 311739280,
              "peak_max": "5gb",
              "peak_max_in_bytes": 5368709120,
              "last_gc_stats": {
                "used": "262.4mb",
                "used_in_bytes": 275155896,
                "max": "5gb",
                "max_in_bytes": 5368709120,
                "usage_percent": 5
              }
            },
            "survivor": {
              "used": "4.7mb",
              "used_in_bytes": 4994992,
              "max": "0b",
              "max_in_bytes": 0,
              "peak_used": "64mb",
              "peak_used_in_bytes": 67108864,
              "peak_max": "0b",
              "peak_max_in_bytes": 0,
              "last_gc_stats": {
                "used": "4.7mb",
                "used_in_bytes": 4994992,
                "max": "0b",
                "max_in_bytes": 0,
                "usage_percent": -1
              }
            }
          }
        },
        "threads": {
          "count": 428,
          "peak_count": 428
        },
        "gc": {
          "collectors": {
            "young": {
              "collection_count": 1175,
              "collection_time": "50.5s",
              "collection_time_in_millis": 50507
            },
            "G1 Concurrent GC": {
              "collection_count": 322,
              "collection_time": "3.7m",
              "collection_time_in_millis": 222270
            },
            "old": {
              "collection_count": 0,
              "collection_time": "0s",
              "collection_time_in_millis": 0
            }
          }
        },
        "buffer_pools": {
          "mapped": {
            "count": 0,
            "used": "0b",
            "used_in_bytes": 0,
            "total_capacity": "0b",
            "total_capacity_in_bytes": 0
          },
          "direct": {
            "count": 321,
            "used": "8.3mb",
            "used_in_bytes": 8796049,
            "total_capacity": "8.3mb",
            "total_capacity_in_bytes": 8796046
          },
          "mapped - 'non-volatile memory'": {
            "count": 0,
            "used": "0b",
            "used_in_bytes": 0,
            "total_capacity": "0b",
            "total_capacity_in_bytes": 0
          }
        },
        "classes": {
          "current_loaded_count": 54844,
          "total_loaded_count": 56564,
          "total_unloaded_count": 1720
        }
      }
    },
    "PXreRaO3Sg-_-wDSh1pS3A": {
      "timestamp": 1741605334445,
      "name": "bfc8dcdfdcd875dd2c4862c20e9bb021",
      "roles": [
        "ingest",
        "master",
        "remote_cluster_client"
      ],
      "jvm": {
        "timestamp": 1741605334445,
        "uptime": "39.9d",
        "uptime_in_millis": 3453461179,
        "mem": {
          "heap_used": "2.5gb",
          "heap_used_in_bytes": 2718524144,
          "heap_used_percent": 50,
          "heap_committed": "5gb",
          "heap_committed_in_bytes": 5368709120,
          "heap_max": "5gb",
          "heap_max_in_bytes": 5368709120,
          "non_heap_used": "459mb",
          "non_heap_used_in_bytes": 481361040,
          "non_heap_committed": "499.5mb",
          "non_heap_committed_in_bytes": 523763712,
          "pools": {
            "young": {
              "used": "2gb",
              "used_in_bytes": 2210398208,
              "max": "0b",
              "max_in_bytes": 0,
              "peak_used": "3gb",
              "peak_used_in_bytes": 3233808384,
              "peak_max": "0b",
              "peak_max_in_bytes": 0,
              "last_gc_stats": {
                "used": "0b",
                "used_in_bytes": 0,
                "max": "0b",
                "max_in_bytes": 0,
                "usage_percent": -1
              }
            },
            "old": {
              "used": "456.5mb",
              "used_in_bytes": 478765808,
              "max": "5gb",
              "max_in_bytes": 5368709120,
              "peak_used": "456.5mb",
              "peak_used_in_bytes": 478765808,
              "peak_max": "5gb",
              "peak_max_in_bytes": 5368709120,
              "last_gc_stats": {
                "used": "408.6mb",
                "used_in_bytes": 428459968,
                "max": "5gb",
                "max_in_bytes": 5368709120,
                "usage_percent": 7
              }
            },
            "survivor": {
              "used": "28mb",
              "used_in_bytes": 29360128,
              "max": "0b",
              "max_in_bytes": 0,
              "peak_used": "140mb",
              "peak_used_in_bytes": 146800640,
              "peak_max": "0b",
              "peak_max_in_bytes": 0,
              "last_gc_stats": {
                "used": "28mb",
                "used_in_bytes": 29360128,
                "max": "0b",
                "max_in_bytes": 0,
                "usage_percent": -1
              }
            }
          }
        },
        "threads": {
          "count": 506,
          "peak_count": 506
        },
        "gc": {
          "collectors": {
            "young": {
              "collection_count": 2613,
              "collection_time": "1.4m",
              "collection_time_in_millis": 87052
            },
            "G1 Concurrent GC": {
              "collection_count": 170,
              "collection_time": "2.9m",
              "collection_time_in_millis": 178043
            },
            "old": {
              "collection_count": 0,
              "collection_time": "0s",
              "collection_time_in_millis": 0
            }
          }
        },
        "buffer_pools": {
          "mapped": {
            "count": 0,
            "used": "0b",
            "used_in_bytes": 0,
            "total_capacity": "0b",
            "total_capacity_in_bytes": 0
          },
          "direct": {
            "count": 386,
            "used": "9.4mb",
            "used_in_bytes": 9926386,
            "total_capacity": "9.4mb",
            "total_capacity_in_bytes": 9926382
          },
          "mapped - 'non-volatile memory'": {
            "count": 0,
            "used": "0b",
            "used_in_bytes": 0,
            "total_capacity": "0b",
            "total_capacity_in_bytes": 0
          }
        },
        "classes": {
          "current_loaded_count": 58618,
          "total_loaded_count": 60370,
          "total_unloaded_count": 1752
        }
      }
    },
    "NN8CI07SSpGVordcplHVaA": {
      "timestamp": 1741605334444,
      "name": "ed2b949a118746be02559506ad4fb3c5",
      "roles": [
        "data",
        "ingest",
        "remote_cluster_client"
      ],
      "jvm": {
        "timestamp": 1741605334444,
        "uptime": "39.9d",
        "uptime_in_millis": 3453410083,
        "mem": {
          "heap_used": "2.1gb",
          "heap_used_in_bytes": 2291818200,
          "heap_used_percent": 26,
          "heap_committed": "8gb",
          "heap_committed_in_bytes": 8589934592,
          "heap_max": "8gb",
          "heap_max_in_bytes": 8589934592,
          "non_heap_used": "449.1mb",
          "non_heap_used_in_bytes": 470939920,
          "non_heap_committed": "531.6mb",
          "non_heap_committed_in_bytes": 557514752,
          "pools": {
            "young": {
              "used": "284mb",
              "used_in_bytes": 297795584,
              "max": "0b",
              "max_in_bytes": 0,
              "peak_used": "4.7gb",
              "peak_used_in_bytes": 5142216704,
              "peak_max": "0b",
              "peak_max_in_bytes": 0,
              "last_gc_stats": {
                "used": "0b",
                "used_in_bytes": 0,
                "max": "0b",
                "max_in_bytes": 0,
                "usage_percent": -1
              }
            },
            "old": {
              "used": "1.7gb",
              "used_in_bytes": 1893359320,
              "max": "8gb",
              "max_in_bytes": 8589934592,
              "peak_used": "5.5gb",
              "peak_used_in_bytes": 5920260096,
              "peak_max": "8gb",
              "peak_max_in_bytes": 8589934592,
              "last_gc_stats": {
                "used": "1.7gb",
                "used_in_bytes": 1893359320,
                "max": "8gb",
                "max_in_bytes": 8589934592,
                "usage_percent": 22
              }
            },
            "survivor": {
              "used": "96mb",
              "used_in_bytes": 100663296,
              "max": "0b",
              "max_in_bytes": 0,
              "peak_used": "440mb",
              "peak_used_in_bytes": 461373440,
              "peak_max": "0b",
              "peak_max_in_bytes": 0,
              "last_gc_stats": {
                "used": "96mb",
                "used_in_bytes": 100663296,
                "max": "0b",
                "max_in_bytes": 0,
                "usage_percent": -1
              }
            }
          }
        },
        "threads": {
          "count": 531,
          "peak_count": 535
        },
        "gc": {
          "collectors": {
            "young": {
              "collection_count": 26666,
              "collection_time": "45.2m",
              "collection_time_in_millis": 2714584
            },
            "G1 Concurrent GC": {
              "collection_count": 9894,
              "collection_time": "3.2m",
              "collection_time_in_millis": 194295
            },
            "old": {
              "collection_count": 0,
              "collection_time": "0s",
              "collection_time_in_millis": 0
            }
          }
        },
        "buffer_pools": {
          "mapped": {
            "count": 1791,
            "used": "14.6gb",
            "used_in_bytes": 15750244391,
            "total_capacity": "14.6gb",
            "total_capacity_in_bytes": 15750244391
          },
          "direct": {
            "count": 428,
            "used": "9.6mb",
            "used_in_bytes": 10094500,
            "total_capacity": "9.6mb",
            "total_capacity_in_bytes": 10094497
          },
          "mapped - 'non-volatile memory'": {
            "count": 0,
            "used": "0b",
            "used_in_bytes": 0,
            "total_capacity": "0b",
            "total_capacity_in_bytes": 0
          }
        },
        "classes": {
          "current_loaded_count": 62798,
          "total_loaded_count": 64974,
          "total_unloaded_count": 2176
        }
      }
    },
    "JscVIi4WTd2OQs7jC3Vkhg": {
      "timestamp": 1741605334445,
      "name": "31812ad7aa4cb1188f33436d9480a95e",
      "roles": [
        "ingest",
        "master",
        "remote_cluster_client"
      ],
      "jvm": {
        "timestamp": 1741605334446,
        "uptime": "39.9d",
        "uptime_in_millis": 3453435872,
        "mem": {
          "heap_used": "615.7mb",
          "heap_used_in_bytes": 645635000,
          "heap_used_percent": 12,
          "heap_committed": "5gb",
          "heap_committed_in_bytes": 5368709120,
          "heap_max": "5gb",
          "heap_max_in_bytes": 5368709120,
          "non_heap_used": "404.4mb",
          "non_heap_used_in_bytes": 424144304,
          "non_heap_committed": "441.8mb",
          "non_heap_committed_in_bytes": 463273984,
          "pools": {
            "young": {
              "used": "320mb",
              "used_in_bytes": 335544320,
              "max": "0b",
              "max_in_bytes": 0,
              "peak_used": "2.9gb",
              "peak_used_in_bytes": 3217031168,
              "peak_max": "0b",
              "peak_max_in_bytes": 0,
              "last_gc_stats": {
                "used": "0b",
                "used_in_bytes": 0,
                "max": "0b",
                "max_in_bytes": 0,
                "usage_percent": -1
              }
            },
            "old": {
              "used": "291.7mb",
              "used_in_bytes": 305896376,
              "max": "5gb",
              "max_in_bytes": 5368709120,
              "peak_used": "291.7mb",
              "peak_used_in_bytes": 305896376,
              "peak_max": "5gb",
              "peak_max_in_bytes": 5368709120,
              "last_gc_stats": {
                "used": "263mb",
                "used_in_bytes": 275790832,
                "max": "5gb",
                "max_in_bytes": 5368709120,
                "usage_percent": 5
              }
            },
            "survivor": {
              "used": "4mb",
              "used_in_bytes": 4194304,
              "max": "0b",
              "max_in_bytes": 0,
              "peak_used": "58mb",
              "peak_used_in_bytes": 60817408,
              "peak_max": "0b",
              "peak_max_in_bytes": 0,
              "last_gc_stats": {
                "used": "4mb",
                "used_in_bytes": 4194304,
                "max": "0b",
                "max_in_bytes": 0,
                "usage_percent": -1
              }
            }
          }
        },
        "threads": {
          "count": 433,
          "peak_count": 433
        },
        "gc": {
          "collectors": {
            "young": {
              "collection_count": 1157,
              "collection_time": "50s",
              "collection_time_in_millis": 50036
            },
            "G1 Concurrent GC": {
              "collection_count": 308,
              "collection_time": "4.5m",
              "collection_time_in_millis": 272913
            },
            "old": {
              "collection_count": 0,
              "collection_time": "0s",
              "collection_time_in_millis": 0
            }
          }
        },
        "buffer_pools": {
          "mapped": {
            "count": 0,
            "used": "0b",
            "used_in_bytes": 0,
            "total_capacity": "0b",
            "total_capacity_in_bytes": 0
          },
          "direct": {
            "count": 322,
            "used": "8.3mb",
            "used_in_bytes": 8806274,
            "total_capacity": "8.3mb",
            "total_capacity_in_bytes": 8806271
          },
          "mapped - 'non-volatile memory'": {
            "count": 0,
            "used": "0b",
            "used_in_bytes": 0,
            "total_capacity": "0b",
            "total_capacity_in_bytes": 0
          }
        },
        "classes": {
          "current_loaded_count": 54834,
          "total_loaded_count": 56531,
          "total_unloaded_count": 1697
        }
      }
    },
    "GSseVqxqTmO7lv7T-0iLPA": {
      "timestamp": 1741605334445,
      "name": "0f3401e3199bd5eed67f730151763e39",
      "roles": [
        "data",
        "ingest",
        "remote_cluster_client"
      ],
      "jvm": {
        "timestamp": 1741605334446,
        "uptime": "39.9d",
        "uptime_in_millis": 3453398360,
        "mem": {
          "heap_used": "2.3gb",
          "heap_used_in_bytes": 2479444256,
          "heap_used_percent": 28,
          "heap_committed": "8gb",
          "heap_committed_in_bytes": 8589934592,
          "heap_max": "8gb",
          "heap_max_in_bytes": 8589934592,
          "non_heap_used": "459.7mb",
          "non_heap_used_in_bytes": 482046912,
          "non_heap_committed": "530.5mb",
          "non_heap_committed_in_bytes": 556269568,
          "pools": {
            "young": {
              "used": "636mb",
              "used_in_bytes": 666894336,
              "max": "0b",
              "max_in_bytes": 0,
              "peak_used": "4.7gb",
              "peak_used_in_bytes": 5142216704,
              "peak_max": "0b",
              "peak_max_in_bytes": 0,
              "last_gc_stats": {
                "used": "0b",
                "used_in_bytes": 0,
                "max": "0b",
                "max_in_bytes": 0,
                "usage_percent": -1
              }
            },
            "old": {
              "used": "1.6gb",
              "used_in_bytes": 1797869856,
              "max": "8gb",
              "max_in_bytes": 8589934592,
              "peak_used": "4.2gb",
              "peak_used_in_bytes": 4584374272,
              "peak_max": "8gb",
              "peak_max_in_bytes": 8589934592,
              "last_gc_stats": {
                "used": "1.6gb",
                "used_in_bytes": 1797869856,
                "max": "8gb",
                "max_in_bytes": 8589934592,
                "usage_percent": 20
              }
            },
            "survivor": {
              "used": "14mb",
              "used_in_bytes": 14680064,
              "max": "0b",
              "max_in_bytes": 0,
              "peak_used": "450mb",
              "peak_used_in_bytes": 471859200,
              "peak_max": "0b",
              "peak_max_in_bytes": 0,
              "last_gc_stats": {
                "used": "14mb",
                "used_in_bytes": 14680064,
                "max": "0b",
                "max_in_bytes": 0,
                "usage_percent": -1
              }
            }
          }
        },
        "threads": {
          "count": 534,
          "peak_count": 536
        },
        "gc": {
          "collectors": {
            "young": {
              "collection_count": 23440,
              "collection_time": "42.3m",
              "collection_time_in_millis": 2540375
            },
            "G1 Concurrent GC": {
              "collection_count": 8742,
              "collection_time": "2.7m",
              "collection_time_in_millis": 163092
            },
            "old": {
              "collection_count": 0,
              "collection_time": "0s",
              "collection_time_in_millis": 0
            }
          }
        },
        "buffer_pools": {
          "mapped": {
            "count": 1853,
            "used": "15.6gb",
            "used_in_bytes": 16776626772,
            "total_capacity": "15.6gb",
            "total_capacity_in_bytes": 16776626772
          },
          "direct": {
            "count": 429,
            "used": "9.6mb",
            "used_in_bytes": 10161807,
            "total_capacity": "9.6mb",
            "total_capacity_in_bytes": 10161804
          },
          "mapped - 'non-volatile memory'": {
            "count": 0,
            "used": "0b",
            "used_in_bytes": 0,
            "total_capacity": "0b",
            "total_capacity_in_bytes": 0
          }
        },
        "classes": {
          "current_loaded_count": 62000,
          "total_loaded_count": 64064,
          "total_unloaded_count": 2064
        }
      }
    },
    "Ghbw7kR-TpC-uBxTMkq3tw": {
      "timestamp": 1741605334445,
      "name": "b8b402c08f3f9331ceb462343ce17161",
      "roles": [
        "data",
        "ingest",
        "remote_cluster_client"
      ],
      "jvm": {
        "timestamp": 1741605334445,
        "uptime": "39.9d",
        "uptime_in_millis": 3453402603,
        "mem": {
          "heap_used": "2.5gb",
          "heap_used_in_bytes": 2730339064,
          "heap_used_percent": 31,
          "heap_committed": "8gb",
          "heap_committed_in_bytes": 8589934592,
          "heap_max": "8gb",
          "heap_max_in_bytes": 8589934592,
          "non_heap_used": "464.1mb",
          "non_heap_used_in_bytes": 486704664,
          "non_heap_committed": "530.8mb",
          "non_heap_committed_in_bytes": 556597248,
          "pools": {
            "young": {
              "used": "828mb",
              "used_in_bytes": 868220928,
              "max": "0b",
              "max_in_bytes": 0,
              "peak_used": "4.7gb",
              "peak_used_in_bytes": 5142216704,
              "peak_max": "0b",
              "peak_max_in_bytes": 0,
              "last_gc_stats": {
                "used": "0b",
                "used_in_bytes": 0,
                "max": "0b",
                "max_in_bytes": 0,
                "usage_percent": -1
              }
            },
            "old": {
              "used": "1.7gb",
              "used_in_bytes": 1830660856,
              "max": "8gb",
              "max_in_bytes": 8589934592,
              "peak_used": "4.5gb",
              "peak_used_in_bytes": 4870662008,
              "peak_max": "8gb",
              "peak_max_in_bytes": 8589934592,
              "last_gc_stats": {
                "used": "1.7gb",
                "used_in_bytes": 1830660856,
                "max": "8gb",
                "max_in_bytes": 8589934592,
                "usage_percent": 21
              }
            },
            "survivor": {
              "used": "30mb",
              "used_in_bytes": 31457280,
              "max": "0b",
              "max_in_bytes": 0,
              "peak_used": "444mb",
              "peak_used_in_bytes": 465567744,
              "peak_max": "0b",
              "peak_max_in_bytes": 0,
              "last_gc_stats": {
                "used": "30mb",
                "used_in_bytes": 31457280,
                "max": "0b",
                "max_in_bytes": 0,
                "usage_percent": -1
              }
            }
          }
        },
        "threads": {
          "count": 522,
          "peak_count": 526
        },
        "gc": {
          "collectors": {
            "young": {
              "collection_count": 24229,
              "collection_time": "42.4m",
              "collection_time_in_millis": 2544223
            },
            "G1 Concurrent GC": {
              "collection_count": 9156,
              "collection_time": "3m",
              "collection_time_in_millis": 184741
            },
            "old": {
              "collection_count": 0,
              "collection_time": "0s",
              "collection_time_in_millis": 0
            }
          }
        },
        "buffer_pools": {
          "mapped": {
            "count": 1765,
            "used": "14.5gb",
            "used_in_bytes": 15632644226,
            "total_capacity": "14.5gb",
            "total_capacity_in_bytes": 15632644226
          },
          "direct": {
            "count": 415,
            "used": "9.4mb",
            "used_in_bytes": 9907924,
            "total_capacity": "9.4mb",
            "total_capacity_in_bytes": 9907921
          },
          "mapped - 'non-volatile memory'": {
            "count": 0,
            "used": "0b",
            "used_in_bytes": 0,
            "total_capacity": "0b",
            "total_capacity_in_bytes": 0
          }
        },
        "classes": {
          "current_loaded_count": 63056,
          "total_loaded_count": 65223,
          "total_unloaded_count": 2167
        }
      }
    }
  }
}