{
  "_shards": {
    "total": 12,
    "successful": 12,
    "failed": 0
  },
  "_all": {
    "primaries": {
      "search": {
        "open_contexts": 0,
        "query_total": 195,
        "query_time": "8ms",
        "query_time_in_millis": 8,
        "query_current": 0,
        "concurrent_query_total": 0,
        "concurrent_query_time": "0s",
        "concurrent_query_time_in_millis": 0,
        "concurrent_query_current": 0,
        "concurrent_avg_slice_count": 0.0,
        "fetch_total": 0,
        "fetch_time": "0s",
        "fetch_time_in_millis": 0,
        "fetch_current": 0,
        "scroll_total": 0,
        "scroll_time": "0s",
        "scroll_time_in_millis": 0,
        "scroll_current": 0,
        "point_in_time_total": 0,
        "point_in_time_time": "0s",
        "point_in_time_time_in_millis": 0,
        "point_in_time_current": 0,
        "suggest_total": 0,
        "suggest_time": "0s",
        "suggest_time_in_millis": 0,
        "suggest_current": 0,
        "search_idle_reactivate_count_total": 0
      }
    },
    "total": {
      "search": {
        "open_contexts": 0,
        "query_total": 390,
        "query_time": "16ms",
        "query_time_in_millis": 16,
        "query_current": 0,
        "concurrent_query_total": 0,
        "concurrent_query_time": "0s",
        "concurrent_query_time_in_millis": 0,
        "concurrent_query_current": 0,
        "concurrent_avg_slice_count": 0.0,
        "fetch_total": 0,
        "fetch_time": "0s",
        "fetch_time_in_millis": 0,
        "fetch_current": 0,
        "scroll_total": 0,
        "scroll_time": "0s",
        "scroll_time_in_millis": 0,
        "scroll_current": 0,
        "point_in_time_total": 0,
        "point_in_time_time": "0s",
        "point_in_time_time_in_millis": 0,
        "point_in_time_current": 0,
        "suggest_total": 0,
        "suggest_time": "0s",
        "suggest_time_in_millis": 0,
        "suggest_current": 0,
        "search_idle_reactivate_count_total": 0
      }
    }
  },
  "indices": {
    "stg_prosearch_listingdata_v1": {
      "uuid": "iw-2n2g6R1OI7hWbvwHerg",
      "primaries": {
        "search": {
          "open_contexts": 0,
          "query_total": 195,
          "query_time": "8ms",
          "query_time_in_millis": 8,
          "query_current": 0,
          "concurrent_query_total": 0,
          "concurrent_query_time": "0s",
          "concurrent_query_time_in_millis": 0,
          "concurrent_query_current": 0,
          "concurrent_avg_slice_count": 0.0,
          "fetch_total": 0,
          "fetch_time": "0s",
          "fetch_time_in_millis": 0,
          "fetch_current": 0,
          "scroll_total": 0,
          "scroll_time": "0s",
          "scroll_time_in_millis": 0,
          "scroll_current": 0,
          "point_in_time_total": 0,
          "point_in_time_time": "0s",
          "point_in_time_time_in_millis": 0,
          "point_in_time_current": 0,
          "suggest_total": 0,
          "suggest_time": "0s",
          "suggest_time_in_millis": 0,
          "suggest_current": 0,
          "search_idle_reactivate_count_total": 0
        }
      },
      "total": {
        "search": {
          "open_contexts": 0,
          "query_total": 390,
          "query_time": "16ms",
          "query_time_in_millis": 16,
          "query_current": 0,
          "concurrent_query_total": 0,
          "concurrent_query_time": "0s",
          "concurrent_query_time_in_millis": 0,
          "concurrent_query_current": 0,
          "concurrent_avg_slice_count": 0.0,
          "fetch_total": 0,
          "fetch_time": "0s",
          "fetch_time_in_millis": 0,
          "fetch_current": 0,
          "scroll_total": 0,
          "scroll_time": "0s",
          "scroll_time_in_millis": 0,
          "scroll_current": 0,
          "point_in_time_total": 0,
          "point_in_time_time": "0s",
          "point_in_time_time_in_millis": 0,
          "point_in_time_current": 0,
          "suggest_total": 0,
          "suggest_time": "0s",
          "suggest_time_in_millis": 0,
          "suggest_current": 0,
          "search_idle_reactivate_count_total": 0
        }
      }
    }
  }
}