{
  "cluster_name": "399661886628:dev-prosearch-observability",
  "status": "green",
  "timed_out": false,
  "number_of_nodes": 6,
  "number_of_data_nodes": 3,
  "discovered_master": true,
  "discovered_cluster_manager": true,
  "active_primary_shards": 262,
  "active_shards": 536,
  "relocating_shards": 0,
  "initializing_shards": 0,
  "unassigned_shards": 0,
  "delayed_unassigned_shards": 0,
  "number_of_pending_tasks": 0,
  "number_of_in_flight_fetch": 0,
  "task_max_waiting_in_queue_millis": 0,
  "active_shards_percent_as_number": 100.0
}