[
  {
    "shards": "179",
    "disk.indices": "24.9gb",
    "disk.used": "25.3gb",
    "disk.avail": "982.3gb",
    "disk.total": "1007.7gb",
    "disk.percent": "2",
    "host": "x.x.x.x",
    "ip": "x.x.x.x",
    "node": "0f3401e3199bd5eed67f730151763e39"
  },
  {
    "shards": "179",
    "disk.indices": "24.8gb",
    "disk.used": "25.1gb",
    "disk.avail": "982.5gb",
    "disk.total": "1007.7gb",
    "disk.percent": "2",
    "host": "x.x.x.x",
    "ip": "x.x.x.x",
    "node": "ed2b949a118746be02559506ad4fb3c5"
  },
  {
    "shards": "178",
    "disk.indices": "24.7gb",
    "disk.used": "25gb",
    "disk.avail": "982.6gb",
    "disk.total": "1007.7gb",
    "disk.percent": "2",
    "host": "x.x.x.x",
    "ip": "x.x.x.x",
    "node": "b8b402c08f3f9331ceb462343ce17161"
  }
]