[
  {
    "shards": "179",
    "disk.indices": "25.2gb",
    "disk.used": "26.5gb",
    "disk.avail": "981.1gb",
    "disk.total": "1007.7gb",
    "disk.percent": "2",
    "host": "x.x.x.x",
    "ip": "x.x.x.x",
    "node": "0f3401e3199bd5eed67f730151763e39"
  },
  {
    "shards": "179",
    "disk.indices": "25.1gb",
    "disk.used": "26.4gb",
    "disk.avail": "981.3gb",
    "disk.total": "1007.7gb",
    "disk.percent": "2",
    "host": "x.x.x.x",
    "ip": "x.x.x.x",
    "node": "ed2b949a118746be02559506ad4fb3c5"
  },
  {
    "shards": "178",
    "disk.indices": "25gb",
    "disk.used": "26.2gb",
    "disk.avail": "981.4gb",
    "disk.total": "1007.7gb",
    "disk.percent": "2",
    "host": "x.x.x.x",
    "ip": "x.x.x.x",
    "node": "b8b402c08f3f9331ceb462343ce17161"
  }
]