[
  {
    "name": "write",
    "active": "0",
    "rejected": "0",
    "completed": "0"
  },
  {
    "name": "write",
    "active": "0",
    "rejected": "0",
    "completed": "0"
  },
  {
    "name": "write",
    "active": "2",
    "rejected": "0",
    "completed": "41433184"
  },
  {
    "name": "write",
    "active": "0",
    "rejected": "0",
    "completed": "0"
  },
  {
    "name": "write",
    "active": "2",
    "rejected": "0",
    "completed": "41209788"
  },
  {
    "name": "write",
    "active": "2",
    "rejected": "0",
    "completed": "41327974"
  }
]