[
  {
    "name": "write",
    "active": "0",
    "rejected": "0",
    "completed": "0"
  },
  {
    "name": "write",
    "active": "0",
    "rejected": "0",
    "completed": "0"
  },
  {
    "name": "write",
    "active": "2",
    "rejected": "0",
    "completed": "41434238"
  },
  {
    "name": "write",
    "active": "0",
    "rejected": "0",
    "completed": "0"
  },
  {
    "name": "write",
    "active": "2",
    "rejected": "0",
    "completed": "41210842"
  },
  {
    "name": "write",
    "active": "2",
    "rejected": "0",
    "completed": "41329028"
  }
]