[
  {
    "name": "write",
    "active": "0",
    "rejected": "0",
    "completed": "0"
  },
  {
    "name": "write",
    "active": "0",
    "rejected": "0",
    "completed": "0"
  },
  {
    "name": "write",
    "active": "0",
    "rejected": "0",
    "completed": "41441182"
  },
  {
    "name": "write",
    "active": "0",
    "rejected": "0",
    "completed": "0"
  },
  {
    "name": "write",
    "active": "2",
    "rejected": "0",
    "completed": "41217784"
  },
  {
    "name": "write",
    "active": "0",
    "rejected": "0",
    "completed": "41335972"
  }
]