[
  {
    "name": "write",
    "active": "0",
    "rejected": "0",
    "completed": "0"
  },
  {
    "name": "write",
    "active": "0",
    "rejected": "0",
    "completed": "0"
  },
  {
    "name": "write",
    "active": "2",
    "rejected": "0",
    "completed": "41442132"
  },
  {
    "name": "write",
    "active": "0",
    "rejected": "0",
    "completed": "0"
  },
  {
    "name": "write",
    "active": "1",
    "rejected": "0",
    "completed": "41218737"
  },
  {
    "name": "write",
    "active": "1",
    "rejected": "0",
    "completed": "41336923"
  }
]