[
  {
    "name": "write",
    "active": "0",
    "rejected": "0",
    "completed": "0"
  },
  {
    "name": "write",
    "active": "0",
    "rejected": "0",
    "completed": "0"
  },
  {
    "name": "write",
    "active": "2",
    "rejected": "0",
    "completed": "41440204"
  },
  {
    "name": "write",
    "active": "0",
    "rejected": "0",
    "completed": "0"
  },
  {
    "name": "write",
    "active": "2",
    "rejected": "0",
    "completed": "41216808"
  },
  {
    "name": "write",
    "active": "2",
    "rejected": "0",
    "completed": "41334994"
  }
]